SecurityCode,IndustryCode,CompanyName,SpecialShares,NormalShares,PrivateShares
1101,01,臺灣水泥股份有限公司,200000000,7551181742,0
1102,01,亞洲水泥股份有限公司,0,3546562881,0
1103,01,嘉新水泥股份有限公司,0,790247459,0
1104,01,環球水泥股份有限公司,0,686681816,0
1108,01,幸福水泥股份有限公司,0,404738049,0
1109,01,信大水泥股份有限公司,0,341158868,0
1110,01,東南水泥股份有限公司,0,572000797,0
1201,02,味全食品工業股份有限公司,0,506062914,0
1203,02,味王股份有限公司,0,240000000,0
1210,02,大成長城企業股份有限公司,0,894767222,0
1213,02,大西洋飲料股份有限公司,0,56622627,0
1215,02,台灣卜蜂企業股份有限公司,0,294790098,0
1216,02,統一企業股份有限公司,0,5682015421,0
1217,02,愛之味股份有限公司,0,494513336,0
1218,02,泰山企業股份有限公司,0,499999038,0
1219,02,福壽實業股份有限公司,0,341238364,0
1220,02,台榮產業股份有限公司,0,177077944,0
1225,02,福懋油脂股份有限公司,0,242268306,0
1227,02,佳格食品股份有限公司,0,915089591,0
1229,02,聯華實業控股股份有限公司,0,1795960668,0
1231,02,聯華食品工業股份有限公司,0,298454475,0
1232,02,大統益股份有限公司,0,159974915,0
1233,02,天仁茶業股份有限公司,0,90591948,0
1234,02,黑松股份有限公司,0,401871094,0
1235,02,興泰實業股份有限公司,0,188577836,0
1236,02,宏亞食品股份有限公司,0,86674008,0
1256,02,鮮活控股股份有限公司,0,35772160,0
1301,03,台灣塑膠工業股份有限公司,0,6365740781,0
1303,03,南亞塑膠工業股份有限公司,0,7930821589,0
1304,03,台灣聚合化學品股份有限公司,0,1188763500,0
1305,03,華夏海灣塑膠股份有限公司,0,581050494,0
1307,03,三芳化學工業股份有限公司,0,397818126,0
1308,03,亞洲聚合股份有限公司,0,593743919,0
1309,03,台達化學工業股份有限公司,0,397586848,0
1310,03,台灣苯乙烯工業股份有限公司,0,527869764,0
1312,03,國喬石油化學股份有限公司,20000000,1106620328,0
1313,03,聯成化學科技股份有限公司,0,1330846107,0
1314,03,中國石油化學工業開發(股)公司,0,3784850130,0
1315,03,達新工業股份有限公司,0,99099000,0
1316,14,上曜建設開發股份有限公司,0,368531186,0
1319,12,東陽實業廠股份有限公司,0,591477068,0
1321,03,大洋塑膠工業股份有限公司,0,227228268,0
1323,03,永裕塑膠工業股份有限公司,0,91274554,0
1324,03,地球綜合工業股份有限公司,0,75121882,0
1325,03,恒大股份有限公司,0,85281198,0
1326,03,台灣化學纖維股份有限公司,0,5861186291,0
1337,03,亞洲塑膠再生資源控股有限公司,0,268954729,0
1338,12,廣華控股有限公司,0,83840000,0
1339,12,昭輝實業股份有限公司,0,74123875,0
1340,03,勝悅新材料有限公司,0,152922855,0
1341,03,富林塑膠工業(開曼)控股(股)公司,0,52850634,0
1342,20,八貫企業股份有限公司,0,78000902,0
1402,04,遠東新世紀股份有限公司,0,5352875227,0
1409,04,新光合成纖維股份有限公司,0,1618409286,0
1410,04,南洋染整股份有限公司,0,62000000,0
1413,04,宏洲纖維工業股份有限公司,0,132112454,30000000
1414,04,東和紡織股份有限公司,0,198000000,0
1416,20,廣豐實業股份有限公司,0,185342168,0
1417,04,嘉裕股份有限公司,0,189941840,0
1418,04,東華龍股份有限公司,0,56834309,10000000
1419,04,新光紡織股份有限公司,0,300041280,0
1423,04,利華羊毛工業股份有限公司,0,99648000,0
1432,37,大魯閣實業股份有限公司,0,108000000,18000000
1434,04,福懋興業股份有限公司,0,1684664637,0
1435,20,中福國際(股)公司,0,139780080,0
1436,14,華友聯開發股份有限公司,0,194151795,0
1437,20,勤益投資控股股份有限公司,0,203371284,0
1438,14,三地開發地產股份有限公司,0,111205759,20000000
1439,14,雋揚國際股份有限公司,0,92000000,0
1440,04,臺南紡織股份有限公司,0,1656815857,0
1441,04,大東紡織股份有限公司,0,71744387,28024542
1442,14,名軒開發股份有限公司,0,366211358,0
1443,20,立益物流開發股份有限公司,0,135343011,0
1444,04,力麗企業股份有限公司,0,995595059,0
1445,04,大宇紡織股份有限公司,0,130666034,0
1446,04,宏和精密紡織股份有限公司,0,137709513,0
1447,04,力鵬企業股份有限公司,0,910071242,0
1449,04,佳和實業股份有限公司,0,127114572,0
1451,04,年興紡織股份有限公司,0,198000000,0
1452,04,宏益纖維工業股份有限公司,0,132641400,0
1453,14,大將開發股份有限公司,0,113243048,0
1454,04,台灣富綢纖維股份有限公司,0,129833848,0
1455,04,集盛實業股份有限公司,0,531688380,0
1456,14,怡華實業股份有限公司,0,93720000,0
1457,04,宜進實業股份有限公司,0,316730022,0
1459,04,聯發紡織纖維股份有限公司,0,358628907,0
1460,04,宏遠興業股份有限公司,0,694643484,0
1463,04,強盛新投資控股股份有限公司,0,173268381,0
1464,04,得力實業股份有限公司,0,425575733,0
1465,04,偉全實業股份有限公司,0,103607267,0
1466,04,聚隆纖維股份有限公司,0,111157320,0
1467,04,南緯實業股份有限公司,0,233624667,65414906
1468,04,昶和纖維興業股份有限公司,0,160405244,0
1470,04,大統新創股份有限公司,0,85767000,0
1471,28,首利實業股份有限公司,0,150414536,5000000
1472,14,三洋實業股份有限公司,0,52488082,17500000
1473,04,台南企業股份有限公司,0,146153534,0
1474,04,弘裕企業股份有限公司,0,129896969,0
1475,04,台灣業旺股份有限公司,0,66016749,0
1476,04,儒鴻企業股份有限公司,0,274367111,0
1477,04,聚陽實業股份有限公司,0,246693713,0
1503,05,士林電機廠股份有限公司,0,520972223,0
1504,05,東元電機股份有限公司,0,2376440684,0
1506,05,正道工業股份有限公司,0,300388501,166000000
1512,12,瑞利企業股份有限公司,0,98183498,32669876
1513,05,中興電工機械股份有限公司,0,503112515,0
1514,05,亞力電機股份有限公司,0,273108473,0
1515,05,力山工業股份有限公司,0,181473500,0
1516,20,川飛能源股份有限公司,0,40008195,0
1517,05,利奇機械工業股份有限公司,0,220000007,0
1519,05,華城電機股份有限公司,0,315880844,0
1521,12,大億交通工業製造股份有限公司,0,76230000,0
1522,12,堤維西交通工業股份有限公司,30000000,312897881,0
1524,12,耿鼎企業股份有限公司,0,165310397,0
1525,12,江申工業股份有限公司,0,73400135,0
1526,05,日馳企業股份有限公司,0,60000000,0
1527,05,鑽全實業股份有限公司,0,138570640,0
1528,05,恩德科技股份有限公司,0,191331000,0
1529,05,樂事綠能科技股份有限公司,0,155095074,0
1530,05,亞崴機電股份有限公司,0,94594171,0
1531,05,高林股份有限公司,0,182108080,0
1532,05,勤美股份有限公司,0,422604271,0
1533,12,車王電子股份有限公司,0,98547486,0
1535,05,中宇環保工程股份有限公司,0,123742552,0
1536,12,和大工業股份有限公司,0,278959513,0
1537,05,廣隆光電科技股份有限公司,0,82062794,0
1538,05,正峰工業股份有限公司,0,32300000,24033643
1539,05,巨庭機械股份有限公司,0,65370000,0
1540,05,喬福機械工業股份有限公司,0,85473612,0
1541,05,錩泰工業股份有限公司,0,78800000,0
1558,05,伸興工業股份有限公司,0,66535631,0
1560,05,中國砂輪企業股份有限公司,0,146941080,0
1563,12,巧新科技工業股份有限公司,0,230782140,0
1568,12,倉佑實業股份有限公司,0,103086559,0
1582,28,信錦企業股份有限公司,0,144268604,0
1583,05,程泰機械股份有限公司,0,109400372,0
1587,12,吉茂精密股份有限公司,0,80055672,0
1589,05,永冠能源科技集團有限公司,0,153135941,0
1590,05,亞德客國際集團,0,199999998,0
1597,05,直得科技股份有限公司,0,89261804,0
1598,37,岱宇國際股份有限公司,0,179142092,0
1603,06,中華電線電纜股份有限公司,0,191688000,0
1604,06,聲寶股份有限公司,0,384200000,0
1605,06,華新麗華股份有限公司,0,4431332948,0
1608,06,華榮電線電纜股份有限公司,0,632773506,0
1609,06,大亞電線電纜股份有限公司,0,785261944,0
1611,06,中國電器股份有限公司,0,322735742,0
1612,06,宏泰電工股份有限公司,0,316080063,0
1614,06,台灣三洋電機股份有限公司,0,269113406,0
1615,06,大山電線電纜股份有限公司,0,196663702,0
1616,06,億泰電線電纜股份有限公司,0,194148515,0
1617,06,榮星電線工業股份有限公司,0,169514700,0
1618,06,合機電線電纜股份有限公司,0,192691747,0
1626,06,艾美特(開曼)國際有限公司,0,149821721,0
1702,02,南僑投資控股股份有限公司,0,294132962,0
1707,22,葡萄王生技股份有限公司,0,148137373,0
1708,21,東南實業股份有限公司,0,249001651,0
1709,21,和益化學工業股份有限公司,0,477016272,0
1710,21,東聯化學股份有限公司,0,885703029,0
1711,21,臺灣永光化學工業股份有限公司,0,547752226,0
1712,21,興農股份有限公司,0,420492585,0
1713,21,國泰化工廠股份有限公司,0,150951700,0
1714,21,和桐化學股份有限公司,0,991824808,0
1717,21,長興材料工業股份有限公司,0,1172245483,0
1718,21,中國人造纖維股份有限公司,0,1685905745,0
1720,22,生達化學製藥股份有限公司,0,178696089,0
1721,21,三晃股份有限公司,0,184884092,19168520
1722,21,台灣肥料股份有限公司,0,980000000,0
1723,21,中鋼碳素化學股份有限公司,0,236904480,0
1725,21,元禎企業股份有限公司,0,181829978,0
1726,21,永記造漆工業股份有限公司,0,162000000,0
1727,21,臺灣中華化學工業股份有限公司,0,128019559,0
1730,21,花仙子企業股份有限公司,0,63233851,0
1731,22,美吾華股份有限公司,0,132915244,0
1732,21,毛寶股份有限公司,0,42443957,0
1733,22,五鼎生物技術股份有限公司,0,99950192,0
1734,22,杏輝藥品工業股份有限公司,0,190196774,0
1735,21,日勝化工股份有限公司,0,99388000,0
1736,37,喬山健康科技股份有限公司,0,303394617,0
1737,02,臺鹽實業股份有限公司,0,200000000,0
1752,22,南光化學製藥股份有限公司,0,100988472,0
1760,22,寶齡富錦生技股份有限公司,0,85739013,0
1762,22,中化合成生技股份有限公司,0,76918000,0
1773,21,勝一化工股份有限公司,0,300000000,0
1776,21,展宇科技材料股份有限公司,0,60106952,0
1783,22,和康生物科技股份有限公司,0,89680115,8702040
1786,22,科妍生物科技股份有限公司,0,74827641,0
1789,22,台灣神隆股份有限公司,0,790739222,0
1795,22,美時化學製藥股份有限公司,0,266873812,0
1802,08,台灣玻璃工業股份有限公司,0,2908060800,0
1805,14,寶徠建設股份有限公司,0,134970455,0
1806,08,冠軍建材股份有限公司,0,390403870,0
1808,14,潤隆建設股份有限公司,0,893031743,0
1809,08,中國製釉股份有限公司,0,167041937,0
1810,08,和成欣業股份有限公司,0,302303719,0
1817,08,凱撒衛浴股份有限公司,0,72600000,0
1903,09,士林紙業股份有限公司,0,260039121,0
1904,09,正隆股份有限公司,0,1108274522,0
1905,09,中華紙漿股份有限公司,0,1102835316,0
1906,09,寶隆國際股份有限公司,0,151000000,0
1907,09,永豐餘投資控股股份有限公司,0,1660371495,0
1909,09,榮成紙業股份有限公司,0,1327685727,0
2002,10,中國鋼鐵股份有限公司,38267999,15734860997,0
2006,10,東和鋼鐵企業股份有限公司,0,730213818,0
2007,10,燁興企業股份有限公司,0,530651613,361185683
2008,10,高興昌鋼鐵股份有限公司,0,190852293,0
2009,10,第一伸銅科技股份有限公司,0,359622165,0
2010,10,春源鋼鐵工業股份有限公司,0,647655390,0
2012,10,春雨工廠股份有限公司,0,302162700,0
2013,10,中國鋼鐵結構股份有限公司,0,200000000,0
2014,10,中鴻鋼鐵股份有限公司,0,1435544446,0
2015,10,豐興鋼鐵股份有限公司,0,581599424,0
2017,10,官田鋼鐵股份有限公司,0,446874691,0
2020,10,美亞鋼管廠股份有限公司,0,267031320,0
2022,10,聚亨企業股份有限公司,0,337168138,0
2023,10,燁輝企業股份有限公司,0,1891240214,0
2024,10,志聯工業股份有限公司,0,97500000,0
2025,10,千興不銹鋼(股)公司,0,172660536,0
2027,10,大成不銹鋼工業股份有限公司,0,2584260615,0
2028,10,威致鋼鐵工業股份有限公司,0,325714800,0
2029,10,盛餘股份有限公司,0,321180000,0
2030,10,彰源企業股份有限公司,0,280526027,0
2031,10,新光鋼鐵股份有限公司,0,321146341,0
2032,10,新鋼工業股份有限公司,0,130521545,0
2033,10,佳大世界股份有限公司,0,80694536,0
2034,10,允強實業股份有限公司,0,523552854,0
2038,10,海光企業股份有限公司,0,194134303,0
2049,05,上銀科技股份有限公司,0,353792240,0
2059,28,川湖科技股份有限公司,0,95297072,0
2062,38,橋椿金屬股份有限公司,0,199994152,0
2069,10,運錩鋼鐵股份有限公司,0,166386836,0
2101,11,南港輪胎股份有限公司,0,733934904,0
2102,11,泰豐輪胎股份有限公司,0,473329207,0
2103,11,台橡股份有限公司,0,825709978,0
2104,11,國際中橡投資控股股份有限公司,0,984733625,0
2105,11,正新橡膠工業股份有限公司,0,3241415536,0
2106,11,建大工業股份有限公司,0,954890000,0
2107,11,厚生股份有限公司,0,303593400,0
2108,11,南帝化學工業股份有限公司,0,492416659,0
2109,11,華豐橡膠工業股份有限公司,0,279349134,0
2114,11,鑫永銓股份有限公司,0,77991707,0
2115,12,六暉控股股份有限公司,0,104373163,0
2201,12,裕隆汽車製造股份有限公司,0,1070001251,0
2204,12,中華汽車工業股份有限公司,0,553620342,0
2206,12,三陽工業股份有限公司,0,783675604,0
2207,12,和泰汽車股份有限公司,0,557102768,0
2208,15,台灣國際造船股份有限公司,0,1274539449,176024881
2211,10,長榮鋼鐵股份有限公司,0,417091463,0
2227,12,裕隆日產汽車股份有限公司,0,300000000,0
2228,12,劍麟股份有限公司,0,79779692,0
2231,12,為升電裝工業股份有限公司,0,135917608,0
2233,12,宇隆科技股份有限公司,0,60288089,0
2236,12,百達精密工業股份有限公司,0,61401689,0
2239,12,開曼英利工業股份有限公司,0,120346593,0
2241,12,艾姆勒科技股份有限公司,0,104602306,0
2243,12,宏旭控股股份有限公司,0,69373596,0
2247,12,汎德永業汽車股份有限公司,0,80708735,0
2250,12,第一化成控股(開曼)股份有限公司,0,36388226,0
2254,12,巨鎧精密工業股份有限公司,0,63907680,0
2258,12,鴻華先進科技股份有限公司,0,1748256200,0
2301,25,光寶科技股份有限公司,0,2316775763,0
2302,24,麗正國際科技股份有限公司,0,166302881,0
2303,24,聯華電子股份有限公司,0,12588156344,0
2305,25,全友電腦股份有限公司,0,205660827,0
2308,28,台達電子工業股份有限公司,0,2597543329,0
2312,31,金寶電子工業股份有限公司,0,1505457211,0
2313,28,華通電腦股份有限公司,0,1191820589,0
2314,27,台揚科技股份有限公司,0,106126422,0
2316,28,楠梓電子股份有限公司,0,182740536,0
2317,31,鴻海精密工業股份有限公司,0,13964222294,0
2321,27,東訊股份有限公司,0,30271929,16000001
2323,26,中環股份有限公司,0,1089348328,0
2324,25,仁寶電腦工業股份有限公司,0,4407146625,0
2327,28,國巨股份有限公司,0,2072965820,0
2328,28,廣宇科技股份有限公司,0,518346282,0
2329,24,華泰電子股份有限公司,0,659004333,99000000
2330,24,台灣積體電路製造股份有限公司,0,25932524521,0
2331,25,精英電腦股份有限公司,0,557402968,0
2332,27,友訊科技股份有限公司,0,602242373,0
2337,24,旺宏電子股份有限公司,0,1931082818,55651
2338,24,台灣光罩股份有限公司,0,316849183,63370000
2340,24,台亞半導體股份有限公司,0,438622846,60000000
2342,24,台灣茂矽電子股份有限公司,0,157524744,0
2344,24,華邦電子股份有限公司,0,4500000193,0
2345,27,智邦科技股份有限公司,0,561117897,0
2347,29,聯強國際股份有限公司,0,1667946968,0
2348,20,海悅國際開發股份有限公司,30000000,151898853,0
2349,26,錸德科技股份有限公司,0,693679663,0
2351,24,順德工業股份有限公司,0,182140249,0
2352,25,佳世達科技股份有限公司,0,1580506505,0
2353,25,宏碁股份有限公司,0,3047853828,0
2354,31,鴻準精密工業股份有限公司,0,1414485192,0
2355,28,敬鵬工業股份有限公司,0,397495420,0
2356,25,英業達股份有限公司,0,3587475066,0
2357,25,華碩電腦股份有限公司,0,742760280,0
2359,31,所羅門股份有限公司,0,171471052,0
2360,31,致茂電子股份有限公司,0,425261742,0
2362,25,藍天電腦股份有限公司,0,622263000,0
2363,24,矽統科技股份有限公司,0,514988161,0
2364,25,倫飛電腦實業股份有限公司,1062,52388648,0
2365,25,昆盈企業股份有限公司,0,221528496,0
2367,28,燿華電子股份有限公司,0,706253175,0
2368,28,金像電子(股)公司,0,510529876,0
2369,24,菱生精密工業股份有限公司,0,380102344,0
2371,05,大同股份有限公司,0,2150834851,0
2373,31,震旦行股份有限公司,0,236202518,0
2374,26,佳能企業股份有限公司,0,324579133,0
2375,28,凱美電機股份有限公司,0,108675334,0
2376,25,技嘉科技股份有限公司,0,669888886,0
2377,25,微星科技股份有限公司,0,844856199,0
2379,24,瑞昱半導體股份有限公司,0,515512641,0
2380,25,虹光精密工業股份有限公司,0,216934084,34490000
2382,25,廣達電腦股份有限公司,0,3862627432,0
2383,28,台光電子材料股份有限公司,0,358321114,0
2385,28,群光電子股份有限公司,0,760053172,0
2387,25,精元電腦股份有限公司,0,195251051,0
2388,24,威盛電子股份有限公司,0,555674941,0
2390,31,云辰電子開發股份有限公司,0,192619442,0
2392,28,正崴精密工業股份有限公司,0,512326940,0
2393,26,億光電子工業股份有限公司,0,443393086,0
2395,25,研華股份有限公司,0,865189791,0
2397,25,友通資訊股份有限公司,0,114488857,0
2399,25,映泰股份有限公司,0,178100000,0
2401,24,凌陽科技股份有限公司,0,591994919,0
2402,28,毅嘉科技股份有限公司,0,307536533,0
2404,31,漢唐集成股份有限公司,0,190586698,0
2405,25,輔信科技股份有限公司,0,343427303,0
2406,26,國碩科技工業股份有限公司,0,350905689,0
2408,24,南亞科技股份有限公司,0,3098627894,0
2409,26,友達光電股份有限公司,0,7547098972,0
2412,27,中華電信股份有限公司,0,7757446545,0
2413,28,環隆科技股份有限公司,0,127359200,0
2414,29,精技電腦股份有限公司,0,161735846,0
2415,28,錩新科技股份有限公司,0,90000000,0
2417,25,圓剛科技股份有限公司,0,157293864,0
2419,27,仲琦科技股份有限公司,0,321317229,0
2420,28,新巨企業股份有限公司,0,152648688,0
2421,28,建準電機工業股份有限公司,0,273443669,0
2423,31,固緯電子實業股份有限公司,0,145047289,0
2424,27,隴華電子股份有限公司,0,59585000,41585000
2425,25,承啟科技股份有限公司,0,96498831,0
2426,26,鼎元光電科技股份有限公司,0,300622252,0
2427,30,三商電腦股份有限公司,0,197999573,0
2428,28,興勤電子工業股份有限公司,0,128112726,0
2429,26,銘旺科技股份有限公司,0,85500000,33197208
2430,29,燦坤實業股份有限公司,0,116800000,0
2431,28,聯昌電子企業股份有限公司,0,110927014,0
2432,25,倚天酷碁股份有限公司,0,61860000,0
2433,31,互盛股份有限公司,0,144496011,0
2434,24,統懋半導體股份有限公司,0,37000000,27489119
2436,24,偉詮電子股份有限公司,0,199928074,0
2438,26,翔耀實業股份有限公司,0,65195641,34971322
2439,27,美律實業股份有限公司,0,253839614,0
2440,28,太空梭高傳真資訊科技(股)公司,0,139117271,35452938
2441,24,超豐電子股份有限公司,0,568845921,0
2442,14,新美齊股份有限公司,0,274626554,8778889
2444,27,兆勁科技股份有限公司,0,101569573,16142913
2449,24,京元電子股份有限公司,0,1222745065,0
2450,27,神腦國際企業股份有限公司,0,258252657,0
2451,24,創見資訊股份有限公司,0,430701675,0
2453,30,凌群電腦股份有限公司,0,100000000,0
2454,24,聯發科技股份有限公司,0,1603912182,0
2455,27,全新光電科技股份有限公司,0,184905918,0
2457,28,飛宏科技股份有限公司,0,424772416,0
2458,24,義隆電子股份有限公司,0,303880392,0
2459,31,敦吉科技股份有限公司,0,105595615,0
2460,28,建通精密工業股份有限公司,0,169200000,0
2461,31,光群雷射科技股份有限公司,0,174306938,0
2462,28,台灣良得電子股份有限公司,0,150784482,28840000
2464,31,盟立自動化股份有限公司,0,206451226,0
2465,25,麗臺科技股份有限公司,0,93946031,25000000
2466,26,冠西電子企業股份有限公司,0,173458697,9647731
2467,28,志聖工業股份有限公司,0,156755348,0
2468,30,華經資訊企業股份有限公司,0,69961249,0
2471,30,資通電腦股份有限公司,0,47253890,0
2472,28,立隆電子工業股份有限公司,0,164735137,0
2474,31,可成科技股份有限公司,0,592169068,0
2476,28,鉅祥企業股份有限公司,0,216620884,0
2477,31,美隆工業股份有限公司,0,158573244,0
2478,28,大毅科技股份有限公司,0,144731339,0
2480,30,敦陽科技股份有限公司,0,106360291,0
2481,24,強茂股份有限公司,0,382114927,0
2482,31,連宇股份有限公司,0,77882711,0
2483,28,百容電子股份有限公司,0,107889807,0
2484,28,希華晶體科技股份有限公司,0,159421022,0
2485,27,兆赫電子股份有限公司,0,317689037,0
2486,26,一詮精密工業股份有限公司,0,233958579,0
2488,31,漢平電子工業股份有限公司,0,79999433,0
2489,26,瑞軒科技股份有限公司,0,610000000,0
2491,26,吉祥全球實業股份有限公司,0,82008000,0
2492,28,華新科技股份有限公司,0,485804774,0
2493,28,揚博科技股份有限公司,0,126796629,0
2495,25,普安科技股份有限公司,0,273551538,0
2496,20,卓越成功股份有限公司,0,19100440,0
2497,12,怡利電子工業股份有限公司,0,118087676,0
2498,27,宏達國際電子股份有限公司,0,835962086,0
2501,14,國泰建設股份有限公司,0,1159561059,0
2504,14,國產建材實業股份有限公司,0,1180000000,0
2505,14,國揚實業股份有限公司,0,380000000,0
2506,14,太平洋建設股份有限公司,0,387000000,86499581
2509,14,全坤建設開發股份有限公司,0,224550530,0
2511,14,太子建設開發股份有限公司,0,1623326147,0
2514,20,龍邦國際興業股份有限公司,0,394729278,0
2515,14,中華工程股份有限公司,0,1607904084,0
2516,14,新亞建設開發股份有限公司,0,226278457,0
2520,14,冠德建設股份有限公司,0,609487110,0
2524,14,京城建設股份有限公司,0,365983545,0
2527,14,宏璟建設股份有限公司,0,270306000,0
2528,14,皇普建設股份有限公司,0,434026467,0
2530,14,大華建設股份有限公司,0,839988000,0
2534,14,宏盛建設股份有限公司,0,474227970,0
2535,14,達欣工程股份有限公司,0,270793967,0
2536,14,宏普建設股份有限公司,0,332808652,0
2537,14,聯上開發股份有限公司,0,300557795,0
2538,14,基泰建設股份有限公司,0,445025495,0
2539,14,櫻花建設股份有限公司,0,1193102581,0
2540,14,愛山林建設開發股份有限公司,0,944873965,0
2542,14,興富發建設股份有限公司,0,2173083539,0
2543,14,皇昌營造股份有限公司,0,532383961,0
2545,14,皇翔建設股份有限公司,0,379734808,0
2546,14,根基營造股份有限公司,0,130524193,0
2547,14,日勝生活科技股份有限公司,0,1035094649,0
2548,14,華固建設股份有限公司,0,319718697,0
2597,14,潤弘精密工程事業股份有限公司,0,310716000,0
2601,18,益航股份有限公司,0,824776067,0
2603,15,長榮海運股份有限公司,0,2165042996,0
2605,15,新興航運股份有限公司,0,585353297,0
2606,15,裕民航運股份有限公司,0,845055712,0
2607,15,長榮國際儲運股份有限公司,0,533570547,0
2608,15,嘉里大榮物流股份有限公司,0,467000498,0
2609,15,陽明海運股份有限公司,0,3492104270,0
2610,15,中華航空股份有限公司,0,6083923559,0
2611,15,志信國際股份有限公司,0,189002272,0
2612,15,中國航運股份有限公司,0,197484593,0
2613,15,中國貨櫃運輸股份有限公司,0,148423458,0
2614,20,東森國際股份有限公司,0,327264946,0
2615,15,萬海航運股份有限公司,0,2806146293,0
2616,23,山隆通運股份有限公司,0,137281827,0
2617,15,台灣航業股份有限公司,0,417294487,0
2618,15,長榮航空股份有限公司,0,5400444335,0
2630,15,亞洲航空股份有限公司,0,209438204,0
2633,15,台灣高速鐵路股份有限公司,0,5628293058,3000000000
2634,15,漢翔航空工業股份有限公司,0,941867101,0
2636,15,台驊國際控股股份有限公司,0,141835230,0
2637,15,慧洋海運股份有限公司,0,746409199,0
2642,15,台灣宅配通股份有限公司,0,95467000,0
2645,15,長榮航太科技股份有限公司,0,374570962,0
2701,16,萬華企業股份有限公司,0,449967838,0
2702,16,華園飯店股份有限公司,0,156613249,0
2704,16,國賓大飯店股份有限公司,0,366923343,0
2705,16,六福開發股份有限公司,0,191312830,4776200
2706,16,第一華僑大飯店股份有限公司,0,499998346,0
2707,16,晶華國際酒店股份有限公司,0,127403238,0
2712,16,遠雄悅來大飯店股份有限公司,0,105000000,0
2722,16,夏都國際開發股份有限公司,0,143169696,0
2723,16,開曼美食達人股份有限公司,0,180000000,0
2727,16,王品餐飲股份有限公司,0,84451109,0
2731,16,雄獅旅行社股份有限公司,0,93277739,0
2739,16,寒舍餐旅管理顧問股份有限公司,0,91526000,0
2748,16,雲品國際酒店股份有限公司,0,105778740,0
2753,16,八方雲集國際股份有限公司,0,66644796,0
2762,37,世界健身股份有限公司,0,112500000,0
2801,17,彰化商業銀行股份有限公司,0,11766046253,0
2812,17,台中商業銀行股份有限公司,0,6021625921,0
2816,17,旺旺友聯產物保險股份有限公司,0,223608000,0
2820,17,中華票券金融股份有限公司,0,1342960000,0
2832,17,台灣產物保險股份有限公司,0,253540280,0
2834,17,臺灣中小企業銀行股份有限公司,0,9718061849,0
2836,17,高雄銀行股份有限公司,40000000,1839916985,0
2838,17,聯邦商業銀行股份有限公司,200000000,4340551779,0
2845,17,遠東國際商業銀行股份有限公司,0,4865284731,0
2849,17,安泰商業銀行股份有限公司,0,1957609349,1063113402
2850,17,新光產物保險股份有限公司,0,315963300,0
2851,17,中央再保險股份有限公司,0,800388750,0
2852,17,第一產物保險股份有限公司,0,301163784,0
2855,17,統一綜合證券股份有限公司,0,1601414478,0
2867,17,三商美邦人壽保險股份有限公司,0,5899501044,0
2880,17,華南金融控股股份有限公司,0,13916965089,0
2881,17,富邦金融控股股份有限公司,1599990000,14007364952,0
2882,17,國泰金融控股股份有限公司,1533300000,14669210128,0
2883,17,凱基金融控股股份有限公司,1582142374,16974847040,0
2884,17,玉山金融控股股份有限公司,0,16174000000,0
2885,17,元大金融控股股份有限公司,0,13331149946,0
2886,17,兆豐金融控股股份有限公司,0,14833378282,0
2887,17,台新新光金融控股股份有限公司,4491088552,24866399230,0
2889,17,國票金融控股股份有限公司,0,3633563471,0
2890,17,永豐金融控股股份有限公司,10000000,14492322275,0
2891,17,中國信託金融控股股份有限公司,499990000,19677816903,0
2892,17,第一金融控股股份有限公司,0,14379468650,0
2897,17,王道商業銀行股份有限公司,250000000,2805357878,0
2901,18,欣欣大眾市場股份有限公司,0,73043283,0
2903,18,遠東百貨股份有限公司,0,1416940589,0
2904,20,匯僑股份有限公司,0,77834432,0
2905,18,三商投資控股股份有限公司,0,1110371703,0
2906,18,高林實業股份有限公司,0,209116648,0
2908,18,特力股份有限公司,0,509887558,0
2910,18,統領百貨股份有限公司,0,175403000,0
2911,18,麗嬰房股份有限公司,0,105125999,5400000
2912,18,統一超商股份有限公司,0,1039622255,0
2913,18,台灣農林股份有限公司,0,790000000,83250000
2915,18,潤泰全球股份有限公司,0,1104318772,0
2923,14,鼎固控股有限公司,0,1740296982,0
2929,18,淘帝國際控股有限公司,0,109493838,0
2939,18,永邑國際集團股份有限公司,0,45548665,0
2945,18,三商家購股份有限公司,0,67500000,0
3002,25,歐格電子股份有限公司,0,102000000,0
3003,28,健和興端子股份有限公司,0,155654890,0
3004,10,豐達科技股份有限公司,0,55905455,0
3005,25,神基控股股份有限公司,0,622478650,0
3006,24,晶豪科技股份有限公司,0,286172238,0
3008,26,大立光電股份有限公司,0,133468197,0
3010,29,華立企業股份有限公司,0,259436817,0
3011,28,今皓實業股份有限公司,0,129646851,12427600
3013,25,晟銘電子科技股份有限公司,0,205138930,0
3014,24,聯陽半導體股份有限公司,0,166020124,0
3015,28,全漢企業股份有限公司,0,187261950,0
3016,24,嘉晶電子股份有限公司,0,288541819,0
3017,25,奇鋐科技股份有限公司,0,390712757,0
3018,31,隆銘綠能科技工程股份有限公司,0,75377715,43295564
3019,26,亞洲光學股份有限公司,0,279243901,0
3021,28,鴻名企業股份有限公司,0,94890000,0
3022,25,威強電工業電腦股份有限公司,0,176597790,0
3023,28,信邦電子股份有限公司,0,240069014,0
3024,26,憶聲電子股份有限公司,0,277157496,0
3025,27,星通資訊股份有限公司,0,56736440,0
3026,28,禾伸堂企業股份有限公司,0,165890318,0
3027,27,盛達電業股份有限公司,0,116064561,15000000
3028,29,增你強股份有限公司,0,237241193,0
3029,30,零壹科技股份有限公司,0,167005212,12000000
3030,31,德律科技股份有限公司,0,236216000,0
3031,26,佰鴻工業股份有限公司,0,173203224,0
3032,28,偉訓科技股份有限公司,0,113285626,10000000
3033,29,威健實業股份有限公司,0,480281165,0
3034,24,聯詠科技股份有限公司,0,608511469,0
3035,24,智原科技股份有限公司,0,260550313,0
3036,29,文曄科技股份有限公司,135000000,1264585901,0
3037,28,欣興電子股份有限公司,0,1575600197,0
3038,26,全台晶像股份有限公司,0,157407603,0
3040,20,遠見科技股份有限公司,0,63000000,0
3041,24,揚智科技股份有限公司,0,140223647,23150000
3042,28,台灣晶技股份有限公司,0,342992971,25000000
3043,31,科風股份有限公司,0,38975634,0
3044,28,健鼎科技股份有限公司,0,525605898,0
3045,27,台灣大哥大股份有限公司,0,3723261811,0
3046,25,建碁股份有限公司,0,78448013,0
3047,27,訊舟科技股份有限公司,0,224497608,0
3048,29,益登科技股份有限公司,0,269829794,25000000
3049,26,精金科技股份有限公司,0,802010529,0
3050,26,鈺德科技股份有限公司,0,154984450,0
3051,26,力特光電科技股份有限公司,0,167000000,30363958
3052,14,夆典科技開發股份有限公司,0,233245771,0
3054,02,立萬利創新股份有限公司,0,80651041,0
3055,29,蔚華科技股份有限公司,0,114974918,16300000
3056,14,富華創新股份有限公司,0,480555051,0
3057,25,喬鼎資訊股份有限公司,0,60325729,5493613
3058,28,立德電子股份有限公司,0,201722779,7786428
3059,26,華晶科技股份有限公司,0,307242025,0
3060,25,銘異科技股份有限公司,0,137563190,0
3062,27,建漢科技股份有限公司,0,330136018,0
3090,28,日電貿股份有限公司,0,287567150,0
3092,28,鴻碩精密電工股份有限公司,0,106552030,0
3094,24,聯傑國際股份有限公司,0,83117089,0
3130,36,一零四資訊科技股份有限公司,0,33190700,0
3138,27,耀登科技股份有限公司,0,50308063,0
3149,26,正達國際光電股份有限公司,0,226233604,12101226
3150,24,鈺寶科技股份有限公司,0,44377001,0
3164,22,景岳生物科技股份有限公司,0,86010364,0
3167,05,大量科技股份有限公司,0,88390172,0
3168,26,眾福科技股份有限公司,0,75099649,0
3189,24,景碩科技股份有限公司,0,456946660,0
3209,29,全科科技股份有限公司,0,235391189,0
3229,28,晟鈦股份有限公司,0,64263000,43350507
3231,25,緯創資通股份有限公司,0,3180412250,0
3257,24,虹冠電子工業股份有限公司,0,79823590,0
3266,14,昇陽建設企業股份有限公司,0,352314309,0
3296,28,勝德國際研發股份有限公司,0,96724450,0
3305,31,昇貿科技股份有限公司,0,143703900,0
3308,28,聯德電子股份有限公司,0,60000000,0
3311,27,閎暉實業股份有限公司,0,100000000,0
3312,29,弘憶國際股份有限公司,0,182626815,0
3321,28,同泰電子科技股份有限公司,0,86113769,0
3338,28,泰碩電子股份有限公司,0,87908141,0
3346,12,麗清科技股份有限公司,0,121228352,0
3356,26,奇偶科技股份有限公司,0,79941672,0
3376,28,新日興股份有限公司,0,195763822,0
3380,27,明泰科技股份有限公司,0,541718460,0
3406,26,玉晶光電股份有限公司,0,112743063,0
3413,24,京鼎精密科技股份有限公司,0,109819591,0
3416,25,融程電訊股份有限公司,0,80432135,0
3419,27,譁裕實業股份有限公司,0,120480417,0
3432,28,台端興業股份有限公司,0,42230000,6230000
3437,26,榮創能源科技股份有限公司,0,144548000,0
3443,24,創意電子股份有限公司,0,134011911,0
3447,27,展達通訊股份有限公司,0,77449120,0
3450,24,聯鈞光電股份有限公司,0,145681382,0
3454,26,晶睿通訊股份有限公司,0,86567893,0
3481,26,群創光電股份有限公司,0,7989197337,0
3494,25,誠研科技股份有限公司,0,94800000,40800000
3501,28,維熹科技股份有限公司,0,118257927,0
3504,26,揚明光學股份有限公司,0,114059785,0
3515,25,華擎科技股份有限公司,0,123546569,0
3518,31,柏騰科技股份有限公司,0,102662230,8900000
3528,29,安馳科技股份有限公司,0,66639216,0
3530,24,晶相光電股份有限公司,0,77475900,0
3532,24,台塑勝高科技股份有限公司,0,387848300,0
3533,28,嘉澤端子工業股份有限公司,0,112534691,0
3535,26,晶彩科技股份有限公司,0,79052356,0
3543,26,州巧科技股份有限公司,0,110263150,0
3545,24,敦泰電子股份有限公司,0,221312881,0
3550,28,聯穎科技股份有限公司,0,107550000,0
3557,38,嘉威生活股份有限公司,0,84315435,12316671
3563,26,牧德科技股份有限公司,0,63960858,14759800
3576,26,聯合再生能源股份有限公司,0,1627795375,258633452
3583,24,辛耘企業股份有限公司,0,80331260,0
3588,24,通嘉科技股份有限公司,0,62014182,0
3591,26,艾笛森光電股份有限公司,0,145482435,0
3592,24,瑞鼎科技股份有限公司,0,75855226,0
3593,28,力銘科技股份有限公司,0,60825449,23000000
3596,27,智易科技股份有限公司,0,220354321,0
3605,28,宏致電子股份有限公司,0,162353086,0
3607,28,谷崧精密工業股份有限公司,0,121662239,0
3617,31,碩天科技股份有限公司,0,94166049,0
3622,26,洋華光電股份有限公司,0,151327600,0
3645,28,達邁科技股份有限公司,0,136754207,0
3652,25,精聯電子股份有限公司,0,75097500,0
3653,28,健策精密工業股份有限公司,0,144870049,0
3661,24,世芯電子股份有限公司,0,81304648,2204537
3665,31,貿聯控股(BizLink Holding Inc.),0,194969905,0
3669,27,圓展科技股份有限公司,0,92919950,0
3673,26,"TPK Holding Co., Ltd.",0,406663759,0
3679,28,新至陞科技股份有限公司,0,63022229,0
3686,24,達能科技股份有限公司,0,76495118,0
3694,27,海華科技股份有限公司,0,154947208,0
3701,25,大眾全球投資控股股份有限公司,0,236526612,21000000
3702,29,大聯大控股股份有限公司,0,1679056833,0
3703,14,欣陸投資控股股份有限公司,0,823215980,0
3704,27,合勤投資控股股份有限公司,0,415444970,0
3705,22,永信國際投資控股股份有限公司,0,266422983,0
3706,25,神達控股股份有限公司,0,1327212468,0
3708,35,上緯國際投資控股股份有限公司,0,101767193,0
3711,24,日月光投資控股股份有限公司,0,4447029782,0
3712,25,永崴投資控股股份有限公司,0,246242146,0
3714,26,富采控股股份有限公司,0,737940460,70000000
3715,28,定穎投資控股股份有限公司,0,283574584,0
3716,22,中化控股股份有限公司,0,149765614,0
4104,22,佳醫健康事業股份有限公司,0,171567456,0
4106,22,雃博股份有限公司,0,100911557,0
4108,22,懷特生技新藥股份有限公司,0,198618879,12861429
4119,22,旭富製藥科技股份有限公司,0,119508634,0
4133,22,亞諾法生技股份有限公司,0,60553594,0
4137,22,麗豐股份有限公司,0,82492350,0
4142,22,國光生物科技股份有限公司,0,429507750,0
4148,22,全宇生技控股有限公司,0,67235701,0
4155,22,訊映光電股份有限公司,0,144814164,0
4164,22,承業生醫投資控股股份有限公司,0,195310989,4722000
4190,22,佐登妮絲集團股份有限公司,0,61668812,0
4306,03,炎洲股份有限公司,0,676757216,0
4414,04,如興股份有限公司,0,263795773,50156488
4426,04,利勤實業股份有限公司,0,172677198,0
4438,04,廣越企業股份有限公司,0,113425455,0
4439,04,冠星集團控股有限公司,0,38099291,0
4440,04,宜新實業股份有限公司,0,67598000,0
4526,05,東台精機股份有限公司,0,254826461,0
4532,05,瑞智精密股份有限公司,0,504895105,0
4536,37,拓凱實業股份有限公司,0,90820000,0
4540,05,全球傳動科技股份有限公司,0,113076651,0
4545,28,銘鈺精密工業股份有限公司,0,77000000,0
4551,12,智伸科技股份有限公司,0,115222498,0
4552,05,力達控股有限公司,0,116000000,0
4555,05,台灣氣立股份有限公司,0,69987653,0
4557,12,永新控股股份有限公司,0,47971840,0
4560,05,強信機械科技股份有限公司,0,68097240,0
4562,05,穎漢科技股份有限公司,0,87546000,0
4564,05,元翎精密工業股份有限公司,0,232788303,0
4566,05,時碩工業股份有限公司,0,109954742,0
4569,12,六方科技股份有限公司,0,30600000,0
4571,05,鈞興機電國際股份有限公司,0,53017115,0
4572,05,駐龍精密機械股份有限公司,0,40000000,0
4576,05,大銀微系統股份有限公司,0,119801848,0
4581,12,World Known MFG(Cayman)Limited,0,33899000,0
4583,05,台灣精銳科技股份有限公司,0,80171351,0
4588,31,玖鼎電力資訊股份有限公司,0,42985000,0
4720,21,德淵企業股份有限公司,0,114516037,0
4722,21,國精化學股份有限公司,0,101851159,0
4736,22,泰博科技股份有限公司,0,95374469,0
4737,22,華廣生技股份有限公司,0,67272653,0
4739,21,康普材料科技股份有限公司,0,118649269,3150000
4746,22,台耀化學股份有限公司,0,120255963,0
4755,21,三福化工股份有限公司,0,100706000,0
4763,21,濟南大自然新材料股份有限公司,0,989146670,0
4764,21,雙鍵化工股份有限公司,0,85542062,0
4766,21,南寶樹脂化學工廠股份有限公司,0,120570780,0
4770,21,上品綜合工業股份有限公司,0,79976000,0
4771,22,望隼科技股份有限公司,0,58527700,0
4807,18,日成控股股份有限公司,0,38396032,0
4904,27,遠傳電信股份有限公司,0,3607025357,93440600
4906,27,正文科技股份有限公司,0,427594111,0
4912,28,聯德控股股份有限公司,0,67093099,0
4915,28,致伸科技股份有限公司,0,471142824,0
4916,25,事欣科技股份有限公司,0,123211082,0
4919,24,新唐科技股份有限公司,0,419765268,0
4927,28,泰鼎國際股份有限公司,0,264937988,0
4930,06,燦星網通股份有限公司,0,80000000,0
4934,26,太極能源科技股份有限公司,0,225000000,14023475
4935,26,茂林光電科技(開曼)股份有限公司,0,128864091,0
4938,25,和碩聯合科技股份有限公司,0,2682200103,0
4942,26,嘉彰股份有限公司,0,142367613,0
4943,28,開曼康而富控股股份有限公司,0,126694353,47655676
4949,26,有成精密股份有限公司,0,67432643,0
4952,24,凌通科技股份有限公司,0,108815816,0
4956,26,光鋐科技股份有限公司,0,100408236,0
4958,28,臻鼎科技控股股份有限公司,0,1070565898,0
4960,26,誠美材料科技股份有限公司,0,571705388,0
4961,24,天鈺科技股份有限公司,0,121253603,0
4967,24,十銓科技股份有限公司,0,84963288,0
4968,24,立積電子股份有限公司,0,92209898,0
4976,26,佳凌科技股份有限公司,0,141351000,0
4977,27,眾達科技股份有限公司,0,80189841,0
4989,28,李長榮科技股份有限公司,0,137776500,0
4994,30,傳奇網路遊戲股份有限公司,0,66383400,0
4999,28,鑫禾科技股份有限公司,0,74417200,0
5007,10,三星科技股份有限公司,0,294940154,0
5203,30,訊連科技股份有限公司,0,79182550,0
5215,25,科嘉(開曼)股份有限公司,0,64337500,0
5222,24,全訊科技股份有限公司,0,90946968,0
5225,31,東科控股股份有限公司,0,79114499,0
5234,26,達興材料股份有限公司,0,102715911,0
5243,26,乙盛精密工業股份有限公司,0,168528915,0
5244,26,弘凱光電股份有限公司,0,68241899,0
5258,25,虹堡科技股份有限公司,0,110364894,0
5269,24,祥碩科技股份有限公司,0,74777129,0
5283,06,禾聯碩股份有限公司,0,87600510,0
5284,20,經寶精密控股股份有限公司,0,52892683,0
5285,24,界霖科技股份有限公司,0,102040926,0
5288,05,開曼商豐祥控股股份有限公司,0,69730022,0
5292,35,華懋科技股份有限公司,0,42108000,0
5306,37,桂盟國際股份有限公司,0,126000772,0
5388,27,中磊電子股份有限公司,0,304342542,0
5434,29,崇越科技股份有限公司,0,192199780,0
5471,24,松翰科技股份有限公司,0,167877062,0
5484,26,慧友電子股份有限公司,0,66801000,0
5515,14,建國工程股份有限公司,0,201600084,0
5519,14,隆大營建事業股份有限公司,0,219197180,0
5521,14,工信工程股份有限公司,0,492280155,0
5522,14,遠雄建設事業股份有限公司,0,781596241,0
5525,14,順天建設股份有限公司,0,318105378,0
5531,14,鄉林建設事業股份有限公司,100000000,977589245,0
5533,14,皇鼎建設開發股份有限公司,0,285244944,0
5534,14,長虹建設股份有限公司,0,290325960,0
5538,10,開曼東明控股股份有限公司,0,201203333,0
5546,14,永固集團股份有限公司,0,82353402,0
5607,15,遠雄自貿港投資控股股份有限公司,0,370552913,0
5608,15,四維航業股份有限公司,0,389271614,0
5706,16,鳳凰國際旅行社股份有限公司,0,84910920,0
5871,20,中租控股股份有限公司,150000000,1711421161,0
5876,17,上海商業儲蓄銀行股份有限公司,0,4861603140,0
5880,17,合作金庫金融控股股份有限公司,0,15680936914,0
5906,18,台南生活(開曼)股份有限公司,0,35741412,0
5907,18,Grand Ocean RetailGroupLimited,0,195531000,0
6005,17,群益金鼎證券股份有限公司,0,2170908097,0
6024,17,群益期貨股份有限公司,0,249937584,0
6108,28,競國實業股份有限公司,0,156994311,0
6112,30,邁達特數位股份有限公司,0,188357336,66000000
6115,28,鎰勝工業股份有限公司,0,187662154,0
6116,26,瀚宇彩晶股份有限公司,0,2858654851,0
6117,25,迎廣科技股份有限公司,0,92542969,0
6120,26,達運精密工業股份有限公司,0,598999602,0
6128,25,上福全球科技股份有限公司,0,127588740,0
6133,28,金橋科技股份有限公司,0,117006294,0
6136,27,富爾特科技股份有限公司,0,115536412,0
6139,31,亞翔工程股份有限公司,0,235329547,0
6141,28,柏承科技股份有限公司,0,113354005,0
6142,27,友勁科技股份有限公司,0,330779215,101100000
6152,27,百一電子股份有限公司,0,167738463,0
6153,28,嘉聯益科技股份有限公司,0,636177694,88826433
6155,28,鈞寶電子工業股份有限公司,0,88023988,0
6164,26,華興電子工業股份有限公司,0,80000000,0
6165,36,浪凡網路科技股份有限公司,0,77752623,0
6166,25,凌華科技股份有限公司,0,217595257,14707559
6168,26,宏齊科技股份有限公司,0,206069801,0
6176,26,瑞儀光電股份有限公司,0,465027263,0
6177,14,達麗建設事業股份有限公司,0,471878411,0
6183,30,關貿網路股份有限公司,0,150000000,0
6184,20,大豐有線電視股份有限公司,0,158230657,0
6189,29,豐藝電子股份有限公司,0,263779657,0
6191,28,精成科技股份有限公司,0,499303000,0
6192,31,巨路國際股份有限公司,0,96155770,0
6196,31,帆宣系統科技股份有限公司,0,218593543,0
6197,28,佳必琪國際股份有限公司,0,122085882,0
6201,31,亞弘電科技股份有限公司,0,89200000,0
6202,24,盛群半導體股份有限公司,0,230388200,4220000
6205,28,詮欣股份有限公司,0,82235907,0
6206,25,飛捷科技股份有限公司,0,143062324,0
6209,26,今國光學工業股份有限公司,0,175199121,0
6213,28,聯茂電子股份有限公司,0,363417218,0
6214,30,精誠資訊股份有限公司,0,272243066,0
6215,31,和椿科技股份有限公司,0,82789693,0
6216,27,居易科技股份有限公司,0,96981387,0
6224,28,聚鼎科技股份有限公司,0,85645361,0
6225,26,天瀚科技股份有限公司,0,27800000,20825395
6226,26,光鼎電子股份有限公司,0,115534789,0
6230,25,尼得科超眾科技股份有限公司,0,86343396,0
6235,25,華孚科技股份有限公司,0,199906306,0
6239,24,力成科技股份有限公司,0,759146634,0
6243,24,迅杰科技股份有限公司,0,45268841,8000000
6257,24,矽格股份有限公司,0,483912325,0
6269,28,台郡科技股份有限公司,0,323131481,0
6271,24,同欣電子工業股份有限公司,0,209058024,0
6277,25,宏正自動科技股份有限公司,0,119471166,0
6278,26,台灣表面黏著科技股份有限公司,0,292398353,0
6281,29,全國電子股份有限公司,0,99172945,0
6282,28,康舒科技股份有限公司,0,856029125,0
6283,31,淳安電子股份有限公司,0,148981343,66453000
6285,27,啟碁科技股份有限公司,0,484020629,0
6405,26,悅城科技股份有限公司,0,65800000,0
6409,31,旭隼科技股份有限公司,0,87703566,0
6412,28,群光電能科技股份有限公司,0,400769126,0
6414,25,樺漢科技股份有限公司,0,137540252,0
6415,24,矽力杰股份有限公司,0,388659107,0
6416,27,瑞祺電通股份有限公司,0,73348460,0
6426,27,統新光訊股份有限公司,0,38509000,0
6431,22,光麗生技控股股份有限公司,0,97398835,46956000
6438,31,迅得機械股份有限公司,0,82206325,0
6442,27,光紅建聖股份有限公司,0,78073288,0
6443,26,元晶太陽能科技股份有限公司,25894736,512796730,0
6446,22,藥華醫藥股份有限公司,0,379629370,0
6449,28,鈺邦科技股份有限公司,0,91918514,0
6451,24,訊芯科技控股股份有限公司,0,107464800,0
6456,26,GIS Holding Limited,0,337939800,0
6464,20,台灣數位光訊科技股份有限公司,0,128781532,0
6472,22,保瑞藥業股份有限公司,0,127363633,0
6477,26,安集科技股份有限公司,0,123787196,0
6491,22,晶碩光學股份有限公司,0,78000000,0
6504,20,南六企業股份有限公司,0,72600000,0
6505,23,台塑石化股份有限公司,0,9525959652,0
6515,24,穎崴科技股份有限公司,0,36041642,0
6525,24,捷敏股份有限公司,0,129047384,0
6526,24,達發科技股份有限公司,0,167505554,0
6531,24,愛普科技股份有限公司,0,162662771,0
6533,24,晶心科技股份有限公司,0,50650911,0
6534,22,正瀚生技股份有限公司,0,102800000,0
6541,22,泰福生技股份有限公司,0,264956367,0
6550,22,北極星藥業集團股份有限公司,0,859892688,396484666
6552,24,易華電子股份有限公司,0,83000000,0
6558,31,興能高科技股份有限公司,0,93788875,7300000
6573,24,虹揚發展科技股份有限公司,0,80499345,0
6579,25,研揚科技股份有限公司,0,169451221,0
6581,35,台灣鋼聯股份有限公司,0,111270887,0
6582,11,申豐特用應材股份有限公司,0,106174141,0
6585,20,鼎基先進材料股份有限公司,0,72133587,0
6591,25,動力科技股份有限公司,0,41122465,0
6592,20,和潤企業股份有限公司,100000000,623150493,0
6598,22,Applied BioCode Corporation,0,102811061,0
6605,12,帝寶工業股份有限公司,0,165816397,0
6606,05,建德工業股份有限公司,0,110303783,0
6625,20,必應創造股份有限公司,0,57972488,0
6641,35,基士德科技股份有限公司,0,36500000,0
6645,22,金萬林企業股份有限公司,0,60864050,0
6655,20,科定企業股份有限公司,0,80571817,0
6657,22,華安醫學股份有限公司,0,88808000,0
6658,31,聯策科技股份有限公司,0,36370000,0
6666,22,羅麗芬控股股份有限公司,0,47388000,0
6668,26,中揚光電股份有限公司,0,107116087,27285000
6669,25,緯穎科技服務股份有限公司,0,185840791,0
6670,37,復盛應用科技股份有限公司,0,139386973,0
6671,38,三能集團控股股份有限公司,0,60750000,0
6672,28,騰輝電子國際集團股份有限公司,0,71434745,0
6674,27,鋐寶科技股份有限公司,0,68697659,0
6689,36,伊雲谷數位科技股份有限公司,0,68000000,0
6691,31,洋基工程股份有限公司,0,121487209,0
6695,24,芯鼎科技股份有限公司,0,96459650,10000000
6698,31,旭暉應用材料股份有限公司,0,66389753,0
6706,26,惠特科技股份有限公司,0,78548865,0
6715,28,嘉基科技股份有限公司,0,66364505,0
6719,24,力智電子股份有限公司,0,105466989,21000000
6742,26,澤米科技股份有限公司,0,71267948,0
6743,31,安普新股份有限公司,0,150000000,0
6753,15,龍德造船工業股份有限公司,0,117239503,0
6754,38,匯僑室內裝修設計股份有限公司,0,66000000,0
6756,24,威鋒電子股份有限公司,0,69881000,0
6757,15,台灣虎航股份有限公司,0,459530000,0
6768,37,志強國際企業股份有限公司,0,200095061,0
6770,24,力晶積成電子製造股份有限公司,0,4225361900,0
6771,35,平和環保科技股份有限公司,0,31179500,0
6776,29,展碁國際股份有限公司,0,91581430,0
6781,28,"AES Holding Co., Ltd.",0,85418780,0
6782,22,視陽光學股份有限公司,0,63000000,0
6789,24,采鈺科技股份有限公司,0,318299119,0
6790,09,永豐餘消費品實業股份有限公司,0,267129021,0
6792,27,詠業科技股份有限公司,0,47875325,0
6794,22,向榮生醫科技股份有限公司,0,63637000,15200000
6796,22,晉弘科技股份有限公司,0,40233970,0
6799,24,來頡科技股份有限公司,0,43096553,0
6805,28,富世達股份有限公司,0,68553896,0
6806,35,森崴能源股份有限公司,0,274642902,0
6807,38,峰源集團股份有限公司,0,54000000,0
6830,31,汎銓科技股份有限公司,0,51781846,0
6834,28,天二科技股份有限公司,0,88471082,0
6835,28,圓裕企業股份有限公司,0,66172297,0
6838,22,台新藥股份有限公司,0,150977100,0
6854,24,PlayNitride Inc.,0,117678622,0
6861,22,睿生光電股份有限公司,0,41599250,0
6863,27,Arizon RFID Technology,0,74888000,0
6869,35,雲豹能源科技股份有限公司,0,137830041,0
6873,35,泓德能源科技股份有限公司,0,141872370,4284654
6890,37,來億興業股份有限公司,0,249400000,0
6901,20,鑽石生技投資股份有限公司,0,852750000,0
6902,36,走著瞧股份有限公司,0,35358948,0
6906,36,現觀科技股份有限公司,0,33537400,0
6914,20,阜爾運通股份有限公司,0,66226000,0
6916,26,華凌光電股份有限公司,0,67500000,0
6919,22,康霈生技股份有限公司,0,1553877860,0
6923,35,中台資源科技股份有限公司,0,91488000,0
6928,25,攸泰科技股份有限公司,0,86000000,0
6933,25,艾瑪斯科技控股股份有限公司,0,42368800,0
6937,24,天虹科技股份有限公司,0,67576263,0
6949,22,沛爾生技醫藥股份有限公司,0,64797550,0
6951,35,青新環境工程股份有限公司,0,46000000,0
6952,20,大武山牧場科技股份有限公司,0,68345000,0
6957,20,裕慶金屬股份有限公司,0,55512950,0
6958,20,日盛台駿國際租賃股份有限公司,40000000,403289360,0
6969,35,成信實業股份有限公司,0,38142903,0
8011,27,台通光電股份有限公司,0,165921891,0
8016,24,矽創電子股份有限公司,0,120136876,0
8021,31,尖點科技股份有限公司,0,142042467,0
8028,24,昇陽國際半導體股份有限公司,0,174073677,0
8033,20,雷虎科技股份有限公司,0,152629775,7672502
8039,28,台虹科技股份有限公司,0,262926994,0
8046,28,南亞電路板股份有限公司,0,646165487,0
8070,29,長華電材股份有限公司,0,725648455,0
8072,29,陞泰科技股份有限公司,0,80000000,0
8081,24,致新科技股份有限公司,0,86172072,0
8103,28,瀚荃股份有限公司,0,78436671,0
8104,26,錸寶科技股份有限公司,0,104058192,0
8105,26,凌巨科技股份有限公司,0,441544851,152981757
8110,24,華東科技股份有限公司,0,517739876,0
8112,29,至上電子股份有限公司,30000000,525291698,0
8114,25,振樺電子股份有限公司,31153147,76418772,0
8131,24,福懋科技股份有限公司,0,442222223,0
8150,24,南茂科技股份有限公司,0,704523126,0
8162,24,微矽電子股份有限公司,0,68702000,0
8163,25,達方電子股份有限公司,0,280000001,0
8201,31,無敵科技股份有限公司,0,62366275,0
8210,25,勤誠興業股份有限公司,0,125319146,0
8213,28,志超科技股份有限公司,0,271242488,0
8215,26,明基材料股份有限公司,0,320674514,0
8222,05,寶一科技股份有限公司,0,68573500,0
8261,24,富鼎先進電子股份有限公司,0,118878393,35000000
8271,24,宇瞻科技股份有限公司,0,128129266,17041000
8341,35,日友環保科技股份有限公司,0,130000000,0
8367,15,建新國際股份有限公司,0,92172031,0
8374,05,羅昇企業股份有限公司,0,112250487,23000000
8404,20,百和興業股份有限公司(開曼),0,419933884,0
8411,20,福貞控股股份有限公司,0,218404319,0
8422,35,可寧衛股份有限公司,0,1136796050,0
8429,18,金麗集團控股有限公司,0,185747151,0
8438,35,昶昕實業股份有限公司,0,69943000,0
8442,20,威宏控股股份有限公司,0,70169764,0
8443,18,阿瘦實業股份有限公司,0,66800000,0
8454,36,富邦媒體科技股份有限公司,0,264975275,0
8462,37,柏文健康事業股份有限公司,0,79292063,0
8463,20,潤泰精密材料股份有限公司,0,150000000,0
8464,38,億豐綜合工業股份有限公司,0,293020200,0
8466,20,美吉吉國際股份有限公司,0,79825628,0
8467,37,波力環球企業股份有限公司,0,50373575,0
8473,35,山林水環境工程股份有限公司,0,180852418,10676119
8476,35,台境企業股份有限公司,0,166226358,0
8478,37,東哥企業股份有限公司,0,93972276,0
8481,20,政伸企業股份有限公司,0,66601866,0
8482,38,商億全球控股有限公司,0,107444000,0
8487,36,愛爾達科技股份有限公司,0,26535000,0
8488,20,吉源控股股份有限公司,0,73500000,0
8499,31,鼎炫投資控股股份有限公司,0,41165557,0
8926,23,台灣汽電共生股份有限公司,0,730282000,0
8940,16,新天地國際實業股份有限公司,0,67491032,0
8996,05,高力熱處理工業股份有限公司,0,92248277,0
9103,91,美德向邦醫療國際股份有限公司,0,549411240,0
910322,91,康師傅控股有限公司,0,5620600000,0
9105,91,泰金寶科技股份有限公司,0,10450002831,0
910861,91,神州數碼控股有限公司,0,1672768386,0
9110,91,越南製造加工出口控股有限公司,0,907680000,0
911608,91,明輝環球企業有限公司,0,480000000,0
911622,91,聚亨企業集團(泰國)大眾有限公司,0,596748900,0
911868,91,同方友友控股有限公司,0,2109163417,0
912000,91,晨訊科技集團有限公司,0,2362546300,0
9136,91,巨騰國際控股有限公司,0,1200008445,0
9802,37,鈺齊國際股份有限公司,0,200991673,0
9902,20,台火開發股份有限公司,0,98049600,0
9904,37,寶成工業股份有限公司,0,2946787213,0
9905,20,大華金屬工業股份有限公司,0,305000000,0
9906,14,欣巴巴事業股份有限公司,0,90376358,0
9907,20,統一實業股份有限公司,0,1579145342,0
9908,23,大台北區瓦斯股份有限公司,0,516358000,0
9910,37,豐泰企業股份有限公司,0,987482831,0
9911,38,台灣櫻花股份有限公司,0,222389584,0
9912,25,偉聯科技股份有限公司,0,54170569,0
9914,37,美利達工業股份有限公司,0,298983800,0
9917,20,中興保全科技股份有限公司,0,451197093,0
9918,23,欣欣天然氣股份有限公司,0,180537453,0
9919,20,康那香企業股份有限公司,0,195362750,0
9921,37,巨大機械工業股份有限公司,0,392065395,0
9924,38,台灣福興工業股份有限公司,0,150761736,0
9925,20,台灣新光保全股份有限公司,0,387489605,0
9926,23,新海瓦斯股份有限公司,0,179504075,0
9927,20,泰銘實業股份有限公司,0,120000000,0
9928,20,中國電視事業股份有限公司,0,60724583,8800240
9929,20,秋雨創新股份有限公司,0,101280000,43800000
9930,35,中聯資源股份有限公司,0,248540368,0
9931,23,欣高石油氣股份有限公司,0,120369303,0
9933,20,中鼎工程股份有限公司,0,898193124,0
9934,38,成霖企業股份有限公司,0,411016962,0
9935,38,慶豐富實業股份有限公司,0,177838926,0
9937,23,全國加油站股份有限公司,0,309043000,0
9938,20,台灣百和工業股份有限公司,0,297963902,0
9939,20,宏全國際股份有限公司,0,295786475,0
9940,20,信義房屋股份有限公司,0,736846500,0
9941,20,裕融企業股份有限公司,100000000,575636346,0
9942,20,茂順密封元件科技股份有限公司,0,83161320,0
9943,16,好樂迪股份有限公司,0,125171510,0
9944,20,新麗企業股份有限公司,0,105908100,0
9945,20,潤泰創新國際股份有限公司,0,2844225086,0
9946,14,三發地產股份有限公司,0,326554150,0
9955,35,佳龍科技工程股份有限公司,0,104435829,0
9958,10,世紀鋼鐵結構股份有限公司,0,246896665,0
